idx,lv_url
0,https://link-to.net/738317/420.9878742049521/dynamic?r=aHR0cHM6Ly93d3cuYW1hem9uLmNvbS9ncC92aWRlby9wcmltZQ==
1,https://link-to.net/738317/622.2748828905746/dynamic?r=aHR0cHM6Ly93d3cuZnVqaXR2LmNvLmpw
2,https://link-to.net/738317/698.9939103150242/dynamic?r=aHR0cHM6Ly9hYmMuY29t
3,https://link-to.net/738317/808.5481881861887/dynamic?r=aHR0cHM6Ly93d3cuYmJjLmNvLnVrL2JiY29uZQ==
4,https://link-to.net/738317/988.2190915441399/dynamic?r=aHR0cDovL3d3dy5uYmMuY29t
5,https://link-to.net/738317/762.9577152863008/dynamic?r=aHR0cHM6Ly93d3cuY2JzLmNvbQ==
6,https://link-to.net/738317/410.05525517395625/dynamic?r=aHR0cHM6Ly93d3cuZm94LmNvbS8=
9,https://link-to.net/738317/915.9176200169285/dynamic?r=aHR0cHM6Ly93d3cubXlsaWZldGltZS5jb20=
10,https://link-to.net/738317/152.79828217967028/dynamic?r=aHR0cDovL3d3dy5hbWMuY29t
11,https://link-to.net/738317/889.2013855082075/dynamic?r=aHR0cHM6Ly93d3cuaGJvLmNvbQ==
12,https://link-to.net/738317/265.1993355076199/dynamic?r=aHR0cHM6Ly93d3cuZGlzbmV5cGx1cy5jb20=
13,https://link-to.net/738317/656.8877580903483/dynamic?r=aHR0cDovL3d3dy5mb3gxM25ld3MuY29t
15,https://link-to.net/738317/224.54583081212309/dynamic?r=aHR0cHM6Ly93d3cuc3RhcnouY29t
16,https://link-to.net/738317/138.73390951674625/dynamic?r=aHR0cDovL3d3dy5zaG8uY29t
17,https://link-to.net/738317/295.6546499780054/dynamic?r=aHR0cHM6Ly93d3cuaHVsdS5jb20=
18,https://link-to.net/738317/901.2600870151674/dynamic?r=aHR0cDovL3d3dy5jd3R2LmNvbS8=
19,https://link-to.net/738317/587.3514646897698/dynamic?r=aHR0cDovL2twbHIxMS5jb20=
20,https://link-to.net/738317/364.2620474160019/dynamic?r=aHR0cDovL3d3dy5rZXljLmNvbS8=
21,https://link-to.net/738317/852.2738239256745/dynamic?r=aHR0cHM6Ly93d3cubmV0ZmxpeC5jb20=
22,https://link-to.net/738317/39.34996408405844/dynamic?r=aHR0cHM6Ly93d3cuY2luZW1heC5jb20=
23,https://link-to.net/738317/641.8503206946511/dynamic?r=aHR0cHM6Ly93d3cucGFyYW1vdW50cGx1cy5jb20=
24,https://link-to.net/738317/537.5254203622737/dynamic?r=aHR0cHM6Ly93d3cueW91dHViZS5jb20=
25,https://link-to.net/738317/228.81788075389963/dynamic?r=aHR0cHM6Ly93d3cuYXBwbGUuY29tL2FwcGxlLXR2
